id,preference
2504.21582,dislike
2504.21447,like
2504.21435,dislike
2504.21239,dislike
2504.21774,dislike
